user_id,kind,error
373170,profile_album,VK API photos.get failed: 30 This profile is private
6644683,profile_album,VK API photos.get failed: 30 This profile is private
8729884,profile_album,VK API photos.get failed: 30 This profile is private
14507196,profile_album,VK API photos.get failed: 30 This profile is private
16722703,profile_album,VK API photos.get failed: 30 This profile is private
20720185,profile_album,VK API photos.get failed: 30 This profile is private
30516373,profile_album,VK API photos.get failed: 30 This profile is private
68534410,profile_album,VK API photos.get failed: 30 This profile is private
74602211,profile_album,VK API photos.get failed: 30 This profile is private
99545362,profile_album,VK API photos.get failed: 30 This profile is private
114202649,profile_album,VK API photos.get failed: 30 This profile is private
116514592,profile_album,VK API photos.get failed: 30 This profile is private
130179531,profile_album,VK API photos.get failed: 30 This profile is private
137661938,profile_album,VK API photos.get failed: 30 This profile is private
144442993,profile_album,VK API photos.get failed: 30 This profile is private
154091684,profile_album,VK API photos.get failed: 30 This profile is private
173364548,profile_album,VK API photos.get failed: 30 This profile is private
174300472,profile_album,VK API photos.get failed: 30 This profile is private
179817490,profile_album,VK API photos.get failed: 30 This profile is private
197105625,profile_album,VK API photos.get failed: 30 This profile is private
198042494,profile_album,VK API photos.get failed: 30 This profile is private
198703349,profile_album,VK API photos.get failed: 30 This profile is private
199531402,profile_album,VK API photos.get failed: 30 This profile is private
202857286,profile_album,VK API photos.get failed: 30 This profile is private
205432033,profile_album,VK API photos.get failed: 10 Internal server error
210361988,profile_album,VK API photos.get failed: 30 This profile is private
216814332,profile_album,VK API photos.get failed: 30 This profile is private
227622761,profile_album,VK API photos.get failed: 30 This profile is private
232414054,profile_album,VK API photos.get failed: 30 This profile is private
234949935,profile_album,VK API photos.get failed: 30 This profile is private
236517352,profile_album,VK API photos.get failed: 30 This profile is private
251140354,profile_album,VK API photos.get failed: 30 This profile is private
257701663,profile_album,VK API photos.get failed: 30 This profile is private
259895750,profile_album,VK API photos.get failed: 30 This profile is private
260647876,profile_album,VK API photos.get failed: 30 This profile is private
266983080,profile_album,VK API photos.get failed: 30 This profile is private
272421757,profile_album,VK API photos.get failed: 30 This profile is private
276623324,profile_album,VK API photos.get failed: 30 This profile is private
277529706,profile_album,VK API photos.get failed: 30 This profile is private
288334678,profile_album,VK API photos.get failed: 30 This profile is private
301466580,profile_album,VK API photos.get failed: 30 This profile is private
304207538,profile_album,VK API photos.get failed: 30 This profile is private
343333339,profile_album,VK API photos.get failed: 30 This profile is private
350033143,profile_album,VK API photos.get failed: 30 This profile is private
352975667,profile_album,VK API photos.get failed: 30 This profile is private
374966480,profile_album,VK API photos.get failed: 30 This profile is private
380574973,profile_album,VK API photos.get failed: 30 This profile is private
383297400,profile_album,VK API photos.get failed: 30 This profile is private
393634578,profile_album,VK API photos.get failed: 30 This profile is private
398860588,profile_album,VK API photos.get failed: 30 This profile is private
416661676,profile_album,VK API photos.get failed: 30 This profile is private
417706919,profile_album,VK API photos.get failed: 30 This profile is private
424239186,profile_album,VK API photos.get failed: 30 This profile is private
425520938,profile_album,VK API photos.get failed: 30 This profile is private
432668078,profile_album,VK API photos.get failed: 30 This profile is private
434635529,profile_album,VK API photos.get failed: 30 This profile is private
434970679,profile_album,VK API photos.get failed: 30 This profile is private
437543453,profile_album,VK API photos.get failed: 30 This profile is private
442818376,profile_album,VK API photos.get failed: 30 This profile is private
451692711,profile_album,VK API photos.get failed: 30 This profile is private
455517441,profile_album,VK API photos.get failed: 30 This profile is private
457732282,profile_album,VK API photos.get failed: 30 This profile is private
466072739,profile_album,VK API photos.get failed: 30 This profile is private
474500358,profile_album,VK API photos.get failed: 30 This profile is private
475346020,profile_album,VK API photos.get failed: 30 This profile is private
483909778,profile_album,VK API photos.get failed: 30 This profile is private
486979112,profile_album,VK API photos.get failed: 30 This profile is private
487466543,profile_album,VK API photos.get failed: 30 This profile is private
488014299,profile_album,VK API photos.get failed: 30 This profile is private
489553835,profile_album,VK API photos.get failed: 30 This profile is private
501632158,profile_album,VK API photos.get failed: 30 This profile is private
515410630,profile_album,VK API photos.get failed: 30 This profile is private
534827520,profile_album,VK API photos.get failed: 30 This profile is private
539026544,profile_album,VK API photos.get failed: 30 This profile is private
543712696,profile_album,VK API photos.get failed: 30 This profile is private
547982924,profile_album,VK API photos.get failed: 30 This profile is private
552829035,profile_album,VK API photos.get failed: 30 This profile is private
557230813,profile_album,VK API photos.get failed: 30 This profile is private
558820228,profile_album,VK API photos.get failed: 30 This profile is private
559459019,profile_album,VK API photos.get failed: 30 This profile is private
573103569,profile_album,VK API photos.get failed: 30 This profile is private
575608989,profile_album,VK API photos.get failed: 30 This profile is private
583208382,profile_album,VK API photos.get failed: 30 This profile is private
605732087,profile_album,VK API photos.get failed: 30 This profile is private
614016363,profile_album,VK API photos.get failed: 30 This profile is private
741379469,profile_album,VK API photos.get failed: 30 This profile is private
811860423,profile_album,VK API photos.get failed: 30 This profile is private
815890054,profile_album,VK API photos.get failed: 30 This profile is private
818945069,profile_album,VK API photos.get failed: 30 This profile is private
820315346,profile_album,VK API photos.get failed: 30 This profile is private
876772598,profile_album,VK API photos.get failed: 30 This profile is private
882080782,profile_album,VK API photos.get failed: 30 This profile is private
